condition	pos	A	C	G	T
light	1	-0.0	0.0	-0.0	-0.018620964
light	2	0.0	0.0	-0.012769388	-0.0
light	3	-0.0	-0.008752278	0.0	-0.0
light	4	0.0	-0.00025764573	0.0	-0.0
light	5	0.015063598	0.0	0.0	-0.0
light	6	0.0	0.014415408	0.0	0.0
light	7	0.0	-0.0	0.013879935	0.0
light	8	-0.0	-0.0	0.0	0.014647856
light	9	-0.0	0.0002572436	-0.0	0.0
light	10	0.011733922	0.0	0.0	-0.0
light	11	-0.0	-0.0	-0.0	-0.00508248
light	12	-0.011538657	-0.0	0.0	-0.0
light	13	-0.0	0.0	-0.00096561335	-0.0
light	14	-0.0	-0.0	0.0	0.0072790994
light	15	-0.0	0.0	0.0	0.002768935
light	16	-0.003820179	0.0	0.0	-0.0
light	17	0.0	-0.0	-0.0	0.0042999205
light	18	0.0	0.027225483	0.0	-0.0
light	19	-0.0	-0.0012947846	-0.0	-0.0
light	20	-0.0	0.0	-0.0	-0.0035080803
light	21	0.006831073	0.0	0.0	0.0
light	22	-0.0	0.0	-0.0	0.012981005
light	23	-0.0	-0.0008087324	-0.0	0.0
light	24	-0.0017386057	-0.0	-0.0	0.0
light	25	-0.0	0.0	-0.0005230344	-0.0
light	26	0.0035556778	-0.0	-0.0	-0.0
light	27	0.0029508842	0.0	0.0	0.0
light	28	9.1331676e-05	0.0	0.0	-0.0
light	29	-0.0	0.0	-0.0024161371	-0.0
light	30	-0.0	0.0022873227	0.0	0.0
light	31	-0.00083352765	-0.0	0.0	0.0
light	32	0.001709516	0.0	0.0	0.0
light	33	0.0013374424	-0.0	0.0	0.0
light	34	-7.128415e-05	-0.0	-0.0	0.0
light	35	-0.0	-0.00580297	-0.0	-0.0
light	36	-0.0042401394	-0.0	-0.0	0.0
light	37	-0.00076466624	-0.0	-0.0	0.0
light	38	0.001750041	0.0	0.0	-0.0
light	39	-0.010204341	0.0	-0.0	-0.0
light	40	-0.00055406196	-0.0	-0.0	0.0
light	41	0.0018461079	-0.0	0.0	0.0
light	42	-0.0114211505	-0.0	-0.0	-0.0
light	43	-0.009756294	-0.0	0.0	0.0
light	44	-0.0	-0.0089263385	0.0	0.0
light	45	0.0037724506	-0.0	-0.0	-0.0
light	46	0.014598231	-0.0	-0.0	0.0
light	47	-0.0	0.0	0.0	0.020521538
light	48	-0.0	7.95669e-05	0.0	-0.0
light	49	-0.0	0.0	-0.0	-0.0047507747
light	50	-0.0	0.0	-0.0	-0.0061621293
light	51	-0.0	-0.0	0.0	-0.001437134
light	52	0.0	-0.027702851	-0.0	-0.0
light	53	-0.008905004	0.0	0.0	-0.0
light	54	-0.0	-0.0	-0.02550877	-0.0
light	55	-0.0	-0.0	0.0	0.0027896154
light	56	-0.0	-0.0	-0.0	-0.0032728992
light	57	-0.0	0.0	-0.0	0.014244606
light	58	0.0	-0.0	0.0	0.018132474
light	59	0.0	0.0	-0.0	0.010523106
light	60	-0.0	-0.0	-0.0062623858	-0.0
light	61	-0.0	0.0	0.0	0.0064118835
light	62	-0.0	-0.0	0.0	-0.003069369
light	63	0.0	0.0	0.0	0.019371418
light	64	0.0	-0.0	0.0	-0.0054087853
light	65	0.0	-0.0	0.0	0.011693515
light	66	-0.007764391	0.0	-0.0	0.0
light	67	-0.0	0.0	-0.0	-0.0065432973
light	68	-0.0	0.0	-0.012903662	0.0
light	69	0.0	0.0	-0.0	-0.025164807
light	70	0.0	0.0017228787	-0.0	0.0
light	71	-0.0	-0.0	-0.015455677	-0.0
light	72	0.0	0.0	0.0	0.0142226145
light	73	-0.0049234885	-0.0	0.0	0.0
light	74	-0.0070704827	-0.0	-0.0	-0.0
light	75	-0.0057487125	0.0	-0.0	-0.0
light	76	0.010546139	0.0	0.0	-0.0
light	77	-0.0025539864	-0.0	-0.0	-0.0
light	78	-0.0	-0.0	-0.0061671585	0.0
light	79	0.0077903154	0.0	-0.0	0.0
light	80	0.0017600235	0.0	-0.0	-0.0
light	81	-0.0	0.0	0.0	0.007391578
light	82	-0.0	0.0	0.0	0.0035735988
light	83	0.0	0.0	-0.0	0.0023785646
light	84	0.0	0.0	-0.0044245566	-0.0
light	85	-0.0	-0.0	0.00023854843	-0.0
light	86	-0.0	0.0	0.0	0.002045014
light	87	0.0	-0.0	-0.0054361685	-0.0
light	88	0.0	-0.005811351	-0.0	0.0
light	89	0.008725176	0.0	-0.0	-0.0
light	90	-0.0	-0.0	0.0	0.0047996477
light	91	-0.0	0.0	0.0	0.0070180693
light	92	-0.0	-0.016573492	0.0	0.0
light	93	0.0	0.015246238	0.0	-0.0
light	94	0.008204003	-0.0	0.0	-0.0
light	95	0.026718093	0.0	0.0	0.0
light	96	0.0	0.0	0.0	0.023622965
light	97	0.0	0.0	0.0	0.017013554
light	98	-0.0	0.0	-0.012520972	-0.0
light	99	-0.0	0.0	-0.0059909946	-0.0
light	100	0.0	-0.0	-0.0	0.005447475
light	101	0.0	0.0	0.0078779785	0.0
light	102	-0.008252492	-0.0	0.0	-0.0
light	103	0.0	0.030025292	0.0	0.0
light	104	0.02560233	0.0	0.0	0.0
light	105	-0.0	0.0	0.038530137	0.0
light	106	0.0	0.09953564	0.0	0.0
light	107	0.0	0.15563434	0.0	0.0
light	108	0.08422368	0.0	0.0	0.0
light	109	0.0	0.10947364	0.0	0.0
light	110	0.04075051	0.0	0.0	-0.0
light	111	0.0	0.022699906	0.0	0.0
light	112	0.06296244	0.0	-0.0	0.0
light	113	-0.0	-0.0	0.0	0.038353905
light	114	0.0	0.0	0.0	0.047218397
light	115	-0.0	0.0	0.0	0.028997144
light	116	-0.0	0.0	0.0	0.020813065
light	117	0.0	0.0	0.0	0.013878244
light	118	-0.0	0.0	0.0	0.015677372
light	119	0.0	0.0	0.0	0.010171984
light	120	0.0	0.0	0.0	0.013959914
light	121	0.0	0.0	-0.008114557	-0.0
light	122	-0.0	0.0	0.0059201904	0.0
light	123	0.0	0.0	-0.0	-0.0007899661
light	124	0.0	0.0	0.004616165	0.0
light	125	-0.0	-0.0133471405	-0.0	-0.0
light	126	0.0	0.0	-0.0	-0.0052283253
light	127	-0.0	0.0	0.03299301	0.0
light	128	0.0	0.0	0.098223686	0.0
light	129	0.0	0.0	0.06919788	0.0
light	130	0.004449119	-0.0	0.0	0.0
light	131	0.0	0.054563303	0.0	0.0
light	132	0.0	0.06995692	0.0	0.0
light	133	0.037704103	0.0	0.0	0.0
light	134	0.0	0.04011037	0.0	0.0
light	135	-0.0	0.0	0.0	0.00828002
light	136	-0.0	0.0	0.0	-0.0019280447
light	137	-0.0	0.0019738951	-0.0	0.0
light	138	0.0	0.006110662	0.0	0.0
light	139	0.0	0.01593817	0.0	-0.0
light	140	0.0	0.004781158	0.0	0.0
light	141	0.030173907	0.0	0.0	0.0
light	142	0.0	0.015823385	0.0	-0.0
light	143	0.0	0.02423017	0.0	0.0
light	144	-0.0	-0.0	0.0	0.010721366
light	145	0.019348959	-0.0	0.0	0.0
light	146	-0.0	0.0	0.0	0.028197829
light	147	0.0	0.008454483	-0.0	-0.0
light	148	0.00051975885	-0.0	0.0	0.0
light	149	0.0	-0.008252442	-0.0	-0.0
light	150	-0.0	0.0	0.0	0.006022824
light	151	0.0	0.0	-0.0	-0.006833669
light	152	-0.0	-0.0	0.0	-0.012019933
light	153	0.0	-0.0	-0.0	-0.0062387288
light	154	0.0	-0.00036404096	-0.0	0.0
light	155	0.0	0.0	0.0	0.005711974
light	156	0.0	0.0078117372	0.0	0.0
light	157	-0.0	-0.00041850453	0.0	0.0
light	158	0.0	-0.0	0.0	0.0041058003
light	159	0.0	0.01684079	0.0	-0.0
light	160	0.0	0.0	0.0	0.013573115
light	161	0.0054976987	-0.0	0.0	0.0
light	162	0.0	0.0	0.0	0.016307307
light	163	0.0	0.0075308993	-0.0	-0.0
light	164	0.0	0.0	0.0	0.0072058826
light	165	-0.0	0.0006114239	0.0	0.0
light	166	0.0022139123	0.0	0.0	0.0
light	167	0.0	-0.0	0.0	0.0008177785
light	168	0.0028808233	-0.0	0.0	0.0
light	169	0.0	-0.001558306	-0.0	0.0
light	170	0.0	-0.0	-0.0	-0.0053660213
dark	1	0.0	0.0	-0.0	0.00077692216
dark	2	0.0	0.0	0.10228709	0.0
dark	3	-0.0	0.028250042	0.0	0.0
dark	4	0.0	0.16715573	0.0	0.0
dark	5	0.14447574	0.0	0.0	0.0
dark	6	0.0	0.18294922	0.0	0.0
dark	7	0.0	0.0	0.13289253	0.0
dark	8	0.0	0.0	0.0	0.23038585
dark	9	0.0	0.16732234	0.0	0.0
dark	10	0.15510492	0.0	-0.0	0.0
dark	11	-0.0	0.0	-0.0	0.025121082
dark	12	-0.035063453	-0.0	-0.0	0.0
dark	13	0.0	-0.0	-0.0189861	0.0
dark	14	0.0	-0.0	0.0	0.058716327
dark	15	0.0	0.0	0.0	0.06721701
dark	16	0.222681	0.0	0.0	0.0
dark	17	0.0	0.0	0.0	0.16655104
dark	18	0.0	0.3187504	0.0	0.0
dark	19	0.0	0.07952259	0.0	-0.0
dark	20	-0.0	0.0	-0.0	-0.025098402
dark	21	0.03397846	0.0	0.0	-0.0
dark	22	-0.0	0.0	0.0	0.06811747
dark	23	-0.0	0.0011746594	0.0	-0.0
dark	24	0.0014920058	0.0	-0.0	0.0
dark	25	0.0	0.0	-0.0005879866	0.0
dark	26	0.030744165	0.0	-0.0	-0.0
dark	27	0.031006759	0.0	0.0	-0.0
dark	28	0.011661223	0.0	0.0	0.0
dark	29	-0.0	0.0	-0.00054137595	-0.0
dark	30	-0.0	-0.0031660132	0.0	0.0
dark	31	0.0034563653	-0.0	0.0	0.0
dark	32	0.014065302	0.0	0.0	0.0
dark	33	0.007278996	0.0	-0.0	0.0
dark	34	0.00896886	-0.0	0.0	-0.0
dark	35	-0.0	-0.014280361	0.0	-0.0
dark	36	0.0013760569	-0.0	-0.0	0.0
dark	37	0.0044282097	-0.0	-0.0	0.0
dark	38	0.013318076	0.0	-0.0	-0.0
dark	39	-0.0050554853	0.0	-0.0	-0.0
dark	40	-0.00029387214	0.0	-0.0	-0.0
dark	41	0.0032090766	-0.0	-0.0	0.0
dark	42	-0.008485905	-0.0	-0.0	-0.0
dark	43	-0.012423287	-0.0	0.0	0.0
dark	44	-0.0	-0.02506809	0.0	-0.0
dark	45	-0.0044544525	0.0	-0.0	-0.0
dark	46	0.013845141	-0.0	-0.0	0.0
dark	47	-0.0	0.0	0.0	0.019421054
dark	48	-0.0	-0.0039860564	0.0	-0.0
dark	49	-0.0	-0.0	-0.0	0.009408223
dark	50	-0.0	0.0	-0.0	-0.0062281503
dark	51	-0.0	-0.0	0.0	0.00019615535
dark	52	0.0	-0.03683265	-0.0	-0.0
dark	53	-0.015953798	0.0	-0.0	-0.0
dark	54	-0.0	-0.0	-0.022410048	-0.0
dark	55	-0.0	-0.0	0.0	-0.009197279
dark	56	-0.0	-0.0	-0.0	-0.0054873386
dark	57	-0.0	0.0	-0.0	0.0068239705
dark	58	-0.0	-0.0	-0.0	0.010412939
dark	59	-0.0	0.0	0.0	0.004889928
dark	60	-0.0	-0.0	-0.014425826	-0.0
dark	61	-0.0	0.0	-0.0	-0.008933881
dark	62	-0.0	-0.0	0.0	-0.004267431
dark	63	0.0	0.0	0.0	0.014306657
dark	64	-0.0	-0.0	0.0	-0.0032195796
dark	65	0.0	0.0	0.0	0.009308107
dark	66	0.0046860054	0.0	-0.0	0.0
dark	67	-0.0	0.0	0.0	0.0009945126
dark	68	-0.0	0.0	-0.038557958	-0.0
dark	69	-0.0	0.0	0.0	-0.01084243
dark	70	0.0	0.014094673	-0.0	0.0
dark	71	-0.0	-0.0	-0.017450182	-0.0
dark	72	0.0	0.0	0.0	0.009156114
dark	73	0.0019734104	0.0	-0.0	0.0
dark	74	-0.019382602	-0.0	-0.0	-0.0
dark	75	-0.00097359665	0.0	-0.0	-0.0
dark	76	0.004571546	0.0	0.0	-0.0
dark	77	-0.007087479	-0.0	-0.0	-0.0
dark	78	-0.0	-0.0	-0.008265024	-0.0
dark	79	0.007253406	0.0	-0.0	-0.0
dark	80	0.0050200387	0.0	-0.0	-0.0
dark	81	-0.0	0.0	0.0	0.0018680211
dark	82	-0.0	0.0	0.0	0.013316223
dark	83	-0.0	0.0	-0.0	0.0019318493
dark	84	-0.0	-0.0	-0.011675089	-0.0
dark	85	-0.0	0.0	0.0007869931	-0.0
dark	86	-0.0	0.0	0.0	-0.0059709917
dark	87	-0.0	-0.0	-0.015636278	-0.0
dark	88	-0.0	-0.010473403	-0.0	-0.0
dark	89	0.006293896	-0.0	-0.0	-0.0
dark	90	-0.0	0.0	0.0	0.003277196
dark	91	0.0	0.0	0.0	-0.0013439571
dark	92	0.0	0.0030626962	0.0	0.0
dark	93	-0.0	0.010394886	0.0	0.0
dark	94	0.018207485	0.0	0.0	0.0
dark	95	0.020353854	0.0	0.0	0.0
dark	96	0.0	0.0	0.0	0.01174679
dark	97	-0.0	0.0	0.0	0.016475786
dark	98	0.0	0.0	0.0021932933	-0.0
dark	99	-0.0	-0.0	0.00048666337	-0.0
dark	100	-0.0	-0.0	-0.0	-0.003562644
dark	101	0.0	0.0	0.0031811323	-0.0
dark	102	-0.0029897017	-0.0	0.0	-0.0
dark	103	0.0	0.0022123249	0.0	-0.0
dark	104	0.014629713	0.0	-0.0	0.0
dark	105	0.0	0.0	0.016415881	0.0
dark	106	0.0	0.024531906	0.0	0.0
dark	107	0.0	0.041422393	0.0	0.0
dark	108	0.018405221	0.0	0.0	0.0
dark	109	0.0	0.024176793	0.0	0.0
dark	110	0.0036493938	0.0	0.0	-0.0
dark	111	-0.0	-0.0022346426	0.0	-0.0
dark	112	0.005157953	0.0	-0.0	0.0
dark	113	-0.0	-0.0	0.0	0.013271945
dark	114	-0.0	-0.0	0.0	0.0067226584
dark	115	-0.0	0.0	-0.0	0.0068639377
dark	116	-0.0	-0.0	-0.0	0.0019380739
dark	117	-0.0	0.0	0.0	0.0038584273
dark	118	-0.0	-0.0	0.0	0.009329068
dark	119	0.0	0.0	0.0	0.004708213
dark	120	0.0	0.0	-0.0	-0.00043217355
dark	121	0.0	0.0	-0.012158841	-0.0
dark	122	-0.0	0.0	0.0006463107	0.0
dark	123	-0.0	0.0	-0.0	-0.0018138962
dark	124	0.0	-0.0	-0.00087754335	0.0
dark	125	-0.0	-0.01967579	-0.0	0.0
dark	126	0.0	0.0	-0.0	-0.0052007306
dark	127	-0.0	0.0	0.02318602	0.0
dark	128	0.0	0.0	0.076638155	0.0
dark	129	0.0	0.0	0.051844638	0.0
dark	130	-0.010424475	-0.0	0.0	0.0
dark	131	0.0	0.040923066	0.0	0.0
dark	132	0.0	0.05437353	0.0	0.0
dark	133	0.027399702	0.0	0.0	-0.0
dark	134	0.0	0.029825632	0.0	0.0
dark	135	-0.0	-0.0	0.0	0.0015797646
dark	136	-0.0	0.0	0.0	-0.0023127322
dark	137	-0.0	-0.010337252	-0.0	0.0
dark	138	0.0	0.008319049	0.0	0.0
dark	139	0.0	0.010055627	0.0	-0.0
dark	140	-0.0	-0.0002354009	0.0	0.0
dark	141	0.019190205	0.0	0.0	0.0
dark	142	0.0	0.011051808	0.0	0.0
dark	143	0.0	0.0122371465	-0.0	-0.0
dark	144	-0.0	-0.0	0.0	0.01259287
dark	145	0.014785001	-0.0	0.0	0.0
dark	146	-0.0	0.0	0.0	0.01891618
dark	147	0.0	-0.0020169138	-0.0	-0.0
dark	148	-0.0050530727	-0.0	0.0	-0.0
dark	149	0.0	-0.0068093315	-0.0	-0.0
dark	150	-0.0	0.0	0.0	0.002863629
dark	151	0.0	0.0	-0.0	0.0007760453
dark	152	-0.0	-0.0	0.0	-0.00017961711
dark	153	0.0	-0.0	-0.0	0.007817141
dark	154	0.0	-0.0032702375	-0.0	-0.0
dark	155	0.0	0.0	0.0	-0.004440214
dark	156	-0.0	-0.0032669918	0.0	-0.0
dark	157	-0.0	-0.009933827	-0.0	0.0
dark	158	0.0	-0.0	0.0	0.015176107
dark	159	-0.0	0.012876396	0.0	-0.0
dark	160	-0.0	-0.0	0.0	0.023151526
dark	161	0.021163285	0.0	0.0	0.0
dark	162	0.0	0.0	0.0	0.04737765
dark	163	0.0	0.042676814	0.0	0.0
dark	164	0.0	-0.0	0.0	-0.0056871367
dark	165	0.0	0.009763203	0.0	0.0
dark	166	0.0070909928	0.0	0.0	0.0
dark	167	-0.0	0.0	0.0	0.0037519769
dark	168	0.0017595737	-0.0	0.0	0.0
dark	169	0.0	-0.0021770473	-0.0	-0.0
dark	170	0.0	-0.0	-0.0	-0.013030927
warm	1	-0.0	0.0	-0.0	-0.01715356
warm	2	0.0	0.0	-0.0062183505	-0.0
warm	3	-0.0	-0.004145484	0.0	-0.0
warm	4	0.0	0.009459511	0.0	0.0
warm	5	0.022885999	0.0	0.0	-0.0
warm	6	0.0	0.020759318	0.0	0.0
warm	7	0.0	-0.0	0.019818239	0.0
warm	8	-0.0	0.0	0.0	0.021095587
warm	9	-0.0	0.00075585395	-0.0	0.0
warm	10	0.0121614095	0.0	0.0	-0.0
warm	11	-0.0	-0.0	-0.0	-0.00641365
warm	12	-0.011578711	-0.0	0.0	-0.0
warm	13	-0.0	0.0	-0.00014294553	-0.0
warm	14	-0.0	-0.0	0.0	0.0057002134
warm	15	-0.0	-0.0	0.0	0.00033170357
warm	16	-0.008535298	0.0	0.0	-0.0
warm	17	-0.0	-0.0	-0.0	-0.00029506153
warm	18	0.0	0.012215653	0.0	-0.0
warm	19	-0.0	-0.0029876975	-0.0	-0.0
warm	20	-0.0	0.0	-0.0	-0.0022890547
warm	21	0.008037477	0.0	0.0	0.0
warm	22	-0.0	0.0	-0.0	0.010196881
warm	23	-0.0	-0.0016276721	-0.0	0.0
warm	24	-0.0020774808	-0.0	-0.0	0.0
warm	25	-0.0	0.0	-0.0014633095	-0.0
warm	26	0.004025631	-0.0	0.0	-0.0
warm	27	0.0018603842	0.0	-0.0	-0.0
warm	28	0.0013761286	0.0	0.0	-0.0
warm	29	-0.0	-0.0	-0.0032062375	-0.0
warm	30	-0.0	-0.0012653992	0.0	-0.0
warm	31	-0.00046644753	-0.0	0.0	-0.0
warm	32	0.0033854158	-0.0	0.0	0.0
warm	33	0.00077459466	-0.0	-0.0	0.0
warm	34	0.0027516137	-0.0	-0.0	-0.0
warm	35	-0.0	-0.0076545733	-0.0	-0.0
warm	36	-0.00087969674	-0.0	-0.0	0.0
warm	37	0.0028223654	-0.0	-0.0	0.0
warm	38	0.0077432604	0.0	0.0	-0.0
warm	39	-0.0029362973	0.0	-0.0	-0.0
warm	40	0.00368734	-0.0	-0.0	0.0
warm	41	0.0033145647	-0.0	0.0	0.0
warm	42	-0.0073886015	-0.0	-0.0	-0.0
warm	43	-0.0064552757	-0.0	0.0	0.0
warm	44	-0.0	-0.011124919	0.0	-0.0
warm	45	0.0043782215	0.0	-0.0	-0.0
warm	46	0.012205159	-0.0	-0.0	0.0
warm	47	-0.0	0.0	0.0	0.016474439
warm	48	-0.0	-0.0029512206	0.0	-0.0
warm	49	-0.0	-0.0	-0.0	-0.003999015
warm	50	-0.0	0.0	-0.0	-0.0052618873
warm	51	-0.0	-0.0	0.0	0.00030639657
warm	52	0.0	-0.025474975	-0.0	-0.0
warm	53	-0.0044092513	0.0	0.0	-0.0
warm	54	-0.0	-0.0	-0.026823236	-0.0
warm	55	-0.0	-0.0	0.0	0.004467823
warm	56	-0.0	-0.0	-0.0	-0.0011928745
warm	57	-0.0	0.0	-0.0	0.015723756
warm	58	0.0	-0.0	0.0	0.020105392
warm	59	0.0	0.0	0.0	0.013516831
warm	60	-0.0	-0.0	-0.007024591	-0.0
warm	61	0.0	0.0	0.0	0.010117675
warm	62	-0.0	-0.0	0.0	-0.0002597426
warm	63	0.0	0.0	0.0	0.02142321
warm	64	0.0	0.0	0.0	-0.0016403329
warm	65	0.0	-0.0	0.0	0.012644993
warm	66	-0.006364236	0.0	-0.0	-0.0
warm	67	-0.0	0.0	-0.0	-0.004932163
warm	68	-0.0	0.0	-0.008920166	0.0
warm	69	0.0	0.0	-0.0	-0.02108147
warm	70	0.0	-0.002054726	-0.0	0.0
warm	71	-0.0	-0.0	-0.012586375	-0.0
warm	72	0.0	0.0	0.0	0.013939393
warm	73	-0.0009014564	-0.0	0.0	-0.0
warm	74	0.0010679314	-0.0	-0.0	-0.0
warm	75	-0.00040099677	0.0	-0.0	-0.0
warm	76	0.010311903	0.0	0.0	-0.0
warm	77	-0.0020093112	-0.0	-0.0	-0.0
warm	78	-0.0	-0.0	-0.013880268	-0.0
warm	79	0.006043756	0.0	-0.0	0.0
warm	80	0.0015270778	0.0	-0.0	-0.0
warm	81	-0.0	0.0	0.0	0.008975317
warm	82	-0.0	0.0	0.0	0.00475543
warm	83	-0.0	0.0	-0.0	0.0013539483
warm	84	0.0	0.0	-0.0050223665	-0.0
warm	85	-0.0	-0.0	0.00033667168	-0.0
warm	86	-0.0	0.0	-0.0	0.0058195316
warm	87	0.0	-0.0	-0.00655555	-0.0
warm	88	0.0	-0.0071015605	-0.0	0.0
warm	89	0.0068686083	0.0	-0.0	-0.0
warm	90	-0.0	-0.0	0.0	0.004437803
warm	91	-0.0	0.0	0.0	0.008642048
warm	92	-0.0	-0.02119928	0.0	0.0
warm	93	0.0	0.008378296	0.0	-0.0
warm	94	0.008143462	-0.0	0.0	-0.0
warm	95	0.027965212	0.0	0.0	0.0
warm	96	0.0	0.0	0.0	0.024680212
warm	97	-0.0	0.0	0.0	0.014167495
warm	98	-0.0	-0.0	-0.021907602	-0.0
warm	99	-0.0	0.0	-0.010271824	-0.0
warm	100	0.0	-0.0	-0.0	0.0077349963
warm	101	0.0	0.0	0.0068754316	0.0
warm	102	-0.008820801	-0.0	0.0	-0.0
warm	103	0.0	0.028252933	0.0	0.0
warm	104	0.02469113	0.0	-0.0	0.0
warm	105	-0.0	0.0	0.035979714	0.0
warm	106	0.0	0.09988085	0.0	0.0
warm	107	0.0	0.15795147	0.0	0.0
warm	108	0.08296545	0.0	0.0	0.0
warm	109	0.0	0.1114892	0.0	0.0
warm	110	0.044377033	0.0	0.0	-0.0
warm	111	0.0	0.022122204	0.0	0.0
warm	112	0.06711515	0.0	-0.0	0.0
warm	113	-0.0	-0.0	0.0	0.041341286
warm	114	0.0	0.0	0.0	0.050406106
warm	115	-0.0	0.0	0.0	0.030749729
warm	116	-0.0	0.0	0.0	0.022860322
warm	117	0.0	0.0	0.0	0.013834476
warm	118	-0.0	0.0	0.0	0.015033103
warm	119	0.0	0.0	0.0	0.009299692
warm	120	0.0	0.0	0.0	0.012643404
warm	121	0.0	0.0	-0.009945202	-0.0
warm	122	-0.0	0.0	0.004121409	0.0
warm	123	-0.0	0.0	-0.0	-0.0017719083
warm	124	0.0	0.0	0.0024081662	0.0
warm	125	-0.0	-0.014337937	-0.0	-0.0
warm	126	0.0	0.0	-0.0	-0.006424462
warm	127	-0.0	0.0	0.03458167	0.0
warm	128	0.0	0.0	0.09588951	0.0
warm	129	0.0	0.0	0.068961434	0.0
warm	130	-0.00034941602	-0.0	0.0	0.0
warm	131	0.0	0.05516271	0.0	0.0
warm	132	0.0	0.07213675	0.0	0.0
warm	133	0.038998645	0.0	0.0	0.0
warm	134	0.0	0.0389974	0.0	0.0
warm	135	-0.0	0.0	0.0	0.007636582
warm	136	-0.0	0.0	0.0	-0.0034452
warm	137	-0.0	-0.0015587477	-0.0	0.0
warm	138	0.0	0.008030099	0.0	0.0
warm	139	0.0	0.016204197	0.0	-0.0
warm	140	0.0	0.0038964257	0.0	0.0
warm	141	0.029690692	0.0	0.0	0.0
warm	142	0.0	0.014832794	0.0	-0.0
warm	143	0.0	0.017883038	0.0	-0.0
warm	144	-0.0	-0.0	0.0	0.012462931
warm	145	0.018381307	-0.0	0.0	0.0
warm	146	-0.0	0.0	0.0	0.027644066
warm	147	0.0	0.009603364	-0.0	-0.0
warm	148	0.002542013	-0.0	0.0	0.0
warm	149	0.0	-0.0066372836	-0.0	-0.0
warm	150	-0.0	0.0	0.0	0.006453386
warm	151	0.0	0.0	-0.0	-0.0028693487
warm	152	-0.0	-0.0	0.0	-0.00837169
warm	153	0.0	-0.0	0.0	0.00026562877
warm	154	0.0	-0.005047917	-0.0	-0.0
warm	155	0.0	0.0	0.0	0.0036542527
warm	156	0.0	0.0054760855	0.0	0.0
warm	157	-0.0	-0.003125067	0.0	0.0
warm	158	-0.0	-0.0	0.0	0.0016751668
warm	159	0.0	0.011450204	0.0	-0.0
warm	160	0.0	0.0	0.0	0.013330102
warm	161	0.004325403	-0.0	0.0	0.0
warm	162	-0.0	0.0	0.0	0.01407013
warm	163	0.0	0.0051536816	-0.0	-0.0
warm	164	0.0	0.0	0.0	0.006102474
warm	165	-0.0	-0.0021820352	0.0	0.0
warm	166	0.0015858414	0.0	0.0	0.0
warm	167	0.0	-0.0	0.0	0.00088582974
warm	168	0.0038351424	-0.0	0.0	0.0
warm	169	0.0	-0.0024623056	-0.0	-0.0
warm	170	0.0	-0.0	-0.0	-0.004351601
cold	1	-0.0	0.0	-0.0	-0.017877208
cold	2	0.0	-0.0	-0.013258241	-0.0
cold	3	-0.0	-0.0074601793	0.0	-0.0
cold	4	0.0	-0.0041486523	-0.0	-0.0
cold	5	0.008505101	0.0	0.0	-0.0
cold	6	0.0	0.01091314	0.0	0.0
cold	7	0.0	-0.0	0.010858505	0.0
cold	8	-0.0	-0.0	0.0	0.0047494457
cold	9	-0.0	-0.0033158665	-0.0	0.0
cold	10	0.0063936235	0.0	0.0	-0.0
cold	11	-0.0	-0.0	-0.0	-0.006308452
cold	12	-0.0105269505	-0.0	0.0	-0.0
cold	13	-0.0	0.0	0.001255968	-0.0
cold	14	-0.0	-0.0	0.0	0.0030221709
cold	15	-0.0	-0.0	0.0	-0.0005826088
cold	16	-0.017033527	0.0	0.0	-0.0
cold	17	0.0	-0.0	-0.0	-0.004754097
cold	18	0.0	0.011658982	0.0	-0.0
cold	19	-0.0	-0.0041910387	-0.0	-0.0
cold	20	-0.0	0.0	-0.0	-0.0026045039
cold	21	0.004737867	-0.0	0.0	0.0
cold	22	0.0	0.0	-0.0	0.008268899
cold	23	-0.0	0.0012979937	-0.0	0.0
cold	24	-0.0014848182	-0.0	-0.0	0.0
cold	25	0.0	0.0	-5.191779e-05	-0.0
cold	26	0.0018496135	-0.0	-0.0	-0.0
cold	27	0.0023389745	0.0	0.0	0.0
cold	28	-0.0001926454	0.0	0.0	-0.0
cold	29	-0.0	0.0	-0.00090727286	-0.0
cold	30	-0.0	0.0030352103	0.0	0.0
cold	31	-0.0006158602	0.0	0.0	0.0
cold	32	0.0012879019	0.0	0.0	0.0
cold	33	0.0011900322	-0.0	0.0	0.0
cold	34	-0.0005011919	-0.0	-0.0	0.0
cold	35	-0.0	-0.004755724	-0.0	-0.0
cold	36	-0.0045222873	-0.0	-0.0	0.0
cold	37	-0.0007029489	-0.0	-0.0	0.0
cold	38	0.00073302997	0.0	0.0	-0.0
cold	39	-0.00991747	-0.0	-0.0	-0.0
cold	40	-0.00090432446	-0.0	-0.0	0.0
cold	41	0.0014873082	-0.0	0.0	0.0
cold	42	-0.010229621	-0.0	-0.0	-0.0
cold	43	-0.008608307	-0.0	0.0	0.0
cold	44	-0.0	-0.00679892	0.0	0.0
cold	45	0.0046531498	-0.0	-0.0	-0.0
cold	46	0.012691346	-0.0	-0.0	0.0
cold	47	-0.0	0.0	0.0	0.018177006
cold	48	-0.0	-0.0007693715	0.0	-0.0
cold	49	-0.0	0.0	-0.0	-0.0053020515
cold	50	-0.0	0.0	-0.0	-0.005828292
cold	51	-0.0	-0.0	0.0	-0.0016273462
cold	52	0.0	-0.023999859	-0.0	-0.0
cold	53	-0.0076346644	0.0	0.0	-0.0
cold	54	-0.0	-0.0	-0.023171566	-0.0
cold	55	-0.0	-0.0	0.0	0.003816814
cold	56	-0.0	-0.0	-0.0	-0.0036906346
cold	57	-0.0	0.0	-0.0	0.0130941365
cold	58	0.0	-0.0	0.0	0.016785795
cold	59	0.0	0.0	-0.0	0.009711473
cold	60	-0.0	-0.0	-0.005580733	-0.0
cold	61	-0.0	0.0	0.0	0.007868749
cold	62	-0.0	-0.0	0.0	-0.0021640274
cold	63	0.0	0.0	0.0	0.017633969
cold	64	0.0	-0.0	0.0	-0.0047728117
cold	65	0.0	-0.0	0.0	0.011063676
cold	66	-0.008036377	0.0	-0.0	-0.0
cold	67	-0.0	0.0	-0.0	-0.0069975117
cold	68	-0.0	0.0	-0.010961118	0.0
cold	69	0.0	0.0	-0.0	-0.024179932
cold	70	0.0	0.0014390312	-0.0	0.0
cold	71	-0.0	-0.0	-0.013733665	-0.0
cold	72	0.0	0.0	0.0	0.013472903
cold	73	-0.0043891896	-0.0	0.0	0.0
cold	74	-0.0057012583	-0.0	-0.0	-0.0
cold	75	-0.0054560914	0.0	-0.0	-0.0
cold	76	0.009900344	0.0	0.0	-0.0
cold	77	-0.0020163062	-0.0	-0.0	-0.0
cold	78	-0.0	-0.0	-0.0065404247	0.0
cold	79	0.0069274413	0.0	0.0	0.0
cold	80	0.0014314189	0.0	-0.0	-0.0
cold	81	-0.0	0.0	0.0	0.0067358017
cold	82	-0.0	0.0	0.0	0.0028874525
cold	83	0.0	0.0	-0.0	0.0016609434
cold	84	0.0	0.0	-0.0042467806	-0.0
cold	85	-0.0	-0.0	-0.0006194963	-0.0
cold	86	-0.0	0.0	-0.0	0.0026586985
cold	87	0.0	-0.0	-0.0038513006	-0.0
cold	88	0.0	-0.004716758	-0.0	0.0
cold	89	0.0077275373	0.0	-0.0	-0.0
cold	90	-0.0	-0.0	0.0	0.0045218603
cold	91	-0.0	0.0	0.0	0.006944947
cold	92	-0.0	-0.017986014	0.0	0.0
cold	93	0.0	0.01457977	0.0	-0.0
cold	94	0.0073428336	-0.0	0.0	-0.0
cold	95	0.025024787	0.0	0.0	0.0
cold	96	0.0	0.0	0.0	0.022944463
cold	97	0.0	0.0	0.0	0.015839366
cold	98	-0.0	0.0	-0.012487329	-0.0
cold	99	-0.0	0.0	-0.0059276	-0.0
cold	100	0.0	-0.0	-0.0	0.006025327
cold	101	0.0	0.0	0.007754646	0.0
cold	102	-0.0072885263	-0.0	0.0	-0.0
cold	103	0.0	0.030388702	0.0	0.0
cold	104	0.024588084	0.0	0.0	0.0
cold	105	-0.0	0.0	0.03746391	0.0
cold	106	0.0	0.0958255	0.0	0.0
cold	107	0.0	0.15074867	0.0	0.0
cold	108	0.081673995	0.0	0.0	0.0
cold	109	0.0	0.104878925	0.0	0.0
cold	110	0.03938524	0.0	0.0	-0.0
cold	111	0.0	0.021980038	0.0	0.0
cold	112	0.060360532	0.0	-0.0	0.0
cold	113	-0.0	-0.0	0.0	0.036682334
cold	114	0.0	0.0	0.0	0.045185234
cold	115	-0.0	0.0	0.0	0.027764147
cold	116	0.0	0.0	0.0	0.01937761
cold	117	0.0	0.0	0.0	0.013435303
cold	118	-0.0	0.0	0.0	0.0154181495
cold	119	0.0	0.0	0.0	0.009443432
cold	120	0.0	0.0	0.0	0.013886541
cold	121	0.0	0.0	-0.007190417	-0.0
cold	122	-0.0	0.0	0.0061852722	0.0
cold	123	0.0	0.0	-0.0	-6.392672e-05
cold	124	0.0	0.0	0.00569592	0.0
cold	125	-0.0	-0.011933874	-0.0	0.0
cold	126	0.0	0.0	-0.0	-0.0052019465
cold	127	-0.0	0.0	0.031826925	0.0
cold	128	0.0	0.0	0.09429568	0.0
cold	129	0.0	0.0	0.067027465	0.0
cold	130	0.0054374333	-0.0	0.0	0.0
cold	131	0.0	0.052423377	0.0	0.0
cold	132	0.0	0.067841016	0.0	0.0
cold	133	0.03612722	0.0	0.0	0.0
cold	134	0.0	0.040238958	0.0	0.0
cold	135	-0.0	0.0	0.0	0.0083323745
cold	136	-0.0	0.0	0.0	-0.0018662537
cold	137	-0.0	0.00303795	-0.0	0.0
cold	138	0.0	0.005543747	0.0	0.0
cold	139	0.0	0.01596289	0.0	-0.0
cold	140	0.0	0.0055410685	0.0	0.0
cold	141	0.030447349	0.0	0.0	0.0
cold	142	0.0	0.016482692	0.0	-0.0
cold	143	0.0	0.026260406	0.0	0.0
cold	144	-0.0	-0.0	0.0	0.010238275
cold	145	0.018916486	-0.0	0.0	0.0
cold	146	-0.0	0.0	0.0	0.02733907
cold	147	0.0	0.009253631	-0.0	-0.0
cold	148	0.00034508388	-0.0	0.0	0.0
cold	149	0.0	-0.006979981	-0.0	-0.0
cold	150	-0.0	0.0	0.0	0.0061681764
cold	151	0.0	0.0	-0.0	-0.0066161947
cold	152	-0.0	-0.0	0.0	-0.011195262
cold	153	0.0	-0.0	0.0	-0.0059006754
cold	154	0.0	0.00089430384	-0.0	0.0
cold	155	0.0	0.0	0.0	0.006175232
cold	156	0.0	0.00912913	0.0	0.0
cold	157	-0.0	0.0018724132	0.0	0.0
cold	158	0.0	-0.0	0.0	0.0038497213
cold	159	0.0	0.019062972	0.0	-0.0
cold	160	0.0	0.0	0.0	0.013782538
cold	161	0.005500795	-0.0	0.0	0.0
cold	162	0.0	0.0	0.0	0.016360275
cold	163	0.0	0.008804068	0.0	-0.0
cold	164	0.0	0.0	0.0	0.007661664
cold	165	-0.0	0.001454878	0.0	0.0
cold	166	0.0024133546	0.0	0.0	0.0
cold	167	0.0	-0.0	0.0	0.0006443905
cold	168	0.0022194777	-0.0	0.0	0.0
cold	169	0.0	-0.00080637913	-0.0	0.0
cold	170	0.0	-0.0	-0.0	-0.005689527
maize	1	0.0	-0.0	-0.0	-0.021043116
maize	2	0.0	0.0	0.06653927	0.0
maize	3	-0.0	0.04375807	0.0	0.0
maize	4	0.0	0.11716976	0.0	0.0
maize	5	0.059310347	0.0	0.0	0.0
maize	6	0.0	0.13284712	0.0	0.0
maize	7	0.0	0.0	0.10063968	0.0
maize	8	0.0	0.0	0.0	0.11832096
maize	9	0.0	0.14290334	0.0	0.0
maize	10	0.09195599	0.0	-0.0	0.0
maize	11	-0.0	0.0	-0.0	0.008198873
maize	12	-0.019304413	-0.0	-0.0	0.0
maize	13	0.0	-0.0	0.011101751	0.0
maize	14	0.0	-0.0	0.0	0.021515949
maize	15	0.0	0.0	0.0	0.036337733
maize	16	0.091166824	0.0	0.0	0.0
maize	17	0.0	0.0	0.0	0.090115786
maize	18	0.0	0.1807131	0.0	0.0
maize	19	0.0	0.061554056	0.0	-0.0
maize	20	0.0	0.0	-0.0	-0.02191614
maize	21	0.016071329	0.0	0.0	0.0
maize	22	0.0	0.0	0.0	0.02530018
maize	23	0.0	0.019649912	0.0	0.0
maize	24	0.0108539155	0.0	-0.0	0.0
maize	25	0.0	0.0	0.0105771795	0.0
maize	26	0.018493993	0.0	-0.0	0.0
maize	27	0.032606103	0.0	0.0	0.0
maize	28	0.010734809	0.0	0.0	0.0
maize	29	0.0	0.0	0.011247309	0.0
maize	30	0.0	0.007898326	0.0	0.0
maize	31	0.0033369565	0.0	0.0	0.0
maize	32	0.01348607	0.0	-0.0	0.0
maize	33	0.00058469456	0.0	0.0	0.0
maize	34	0.005318296	0.0	0.0	0.0
maize	35	-0.0	0.003321272	0.0	0.0
maize	36	0.002037919	0.0	-0.0	0.0
maize	37	0.0043702307	-0.0	0.0	0.0
maize	38	0.0011178926	-0.0	-0.0	0.0
maize	39	-0.001613082	0.0	-0.0	0.0
maize	40	0.0036522527	-0.0	0.0	0.0
maize	41	0.007618997	0.0	-0.0	0.0
maize	42	-0.0011126386	0.0	-0.0	0.0
maize	43	0.00043946432	0.0	0.0	0.0
maize	44	0.0	0.0009798505	0.0	0.0
maize	45	0.0027836564	0.0	0.0	-0.0
maize	46	0.0021165016	-0.0	-0.0	0.0
maize	47	0.0	-0.0	0.0	0.010226027
maize	48	-0.0	0.0033841722	0.0	0.0
maize	49	-0.0	0.0	-0.0	-0.0037026927
maize	50	-0.0	0.0	-0.0	-0.0057994835
maize	51	0.0	-0.0	0.0	-0.004315251
maize	52	0.0	-0.013069761	-0.0	-0.0
maize	53	-0.016739156	0.0	-0.0	-0.0
maize	54	0.0	-0.0	-0.0039559687	0.0
maize	55	-0.0	-0.0	0.0	-0.01130568
maize	56	0.0	-0.0	-0.0	-0.0038519024
maize	57	0.0	0.0	-0.0	0.0017977491
maize	58	0.0	-0.0	0.0	0.0033632733
maize	59	0.0	0.0	-0.0	0.0065438375
maize	60	0.0	-0.0	-0.00044850446	-0.0
maize	61	0.0	0.0	-0.0	-0.0020346788
maize	62	0.0	-0.0	0.0	-0.0068179923
maize	63	0.0	-0.0	0.0	0.005431719
maize	64	0.0	-0.0	0.0	-0.0030583318
maize	65	0.0	-0.0	0.0	0.0062904716
maize	66	0.0023393424	0.0	0.0	0.0
maize	67	0.0	0.0	-0.0	0.0039508394
maize	68	0.0	0.0	-0.011096133	0.0
maize	69	0.0	0.0	0.0	-0.010639186
maize	70	-0.0	0.004716817	0.0	-0.0
maize	71	-0.0	-0.0	-0.013920969	-0.0
maize	72	0.0	0.0	0.0	-0.0062292167
maize	73	0.007180135	0.0	-0.0	0.0
maize	74	-0.018836765	0.0	-0.0	0.0
maize	75	-0.0031284688	0.0	-0.0	0.0
maize	76	0.00048779798	0.0	-0.0	0.0
maize	77	-0.0036959536	-0.0	-0.0	0.0
maize	78	-0.0	-0.0	0.008285125	0.0
maize	79	0.006084614	0.0	-0.0	-0.0
maize	80	0.0010062995	0.0	-0.0	0.0
maize	81	-0.0	0.0	0.0	-0.0037744497
maize	82	0.0	-0.0	0.0	0.004346251
maize	83	0.0	-0.0	-0.0	0.002009603
maize	84	0.0	-0.0	-0.0033545718	-0.0
maize	85	-0.0	-0.0	0.0057499097	-0.0
maize	86	0.0	-0.0	0.0	-3.8376125e-05
maize	87	0.0	0.0	0.00027351902	-0.0
maize	88	-0.0	-0.0103342505	-0.0	-0.0
maize	89	-0.0055528097	-0.0	0.0	-0.0
maize	90	-0.0	0.0	0.0	-0.002297869
maize	91	-0.0	0.0	0.0	-0.006521113
maize	92	-0.0	0.0071890107	0.0	0.0
maize	93	0.0	0.0020861903	0.0	-0.0
maize	94	-0.0061813146	0.0	-0.0	0.0
maize	95	0.005742092	-0.0	0.0	0.0
maize	96	0.0	0.0	0.0	0.002649653
maize	97	-0.0	0.0	0.0	-0.00077008863
maize	98	0.0	-0.0	0.005328064	-0.0
maize	99	-0.0	-0.0	0.0006647962	0.0
maize	100	-0.0	-0.0	0.0	-0.008781423
maize	101	0.0	-0.0	0.0012852671	-0.0
maize	102	-0.004989785	0.0	0.0	0.0
maize	103	0.0	-0.0022451512	0.0	0.0
maize	104	-0.0014903595	-0.0	-0.0	0.0
maize	105	0.0	0.0	0.0028985206	0.0
maize	106	-0.0	0.005537308	-0.0	0.0
maize	107	0.0	-0.00028639633	0.0	-0.0
maize	108	-0.002090082	0.0	-0.0	0.0
maize	109	0.0	0.006214647	-0.0	0.0
maize	110	0.0021754187	0.0	-0.0	0.0
maize	111	-0.0	-0.0029014936	-0.0	0.0
maize	112	-0.011810309	-0.0	-0.0	0.0
maize	113	0.0	-0.0	-0.0	-0.0010241313
maize	114	0.0	-0.0	-0.0	-0.0037985889
maize	115	0.0	0.0	-0.0	0.0050030947
maize	116	0.0	-0.0	-0.0	-0.0021871305
maize	117	0.0	-0.0	0.0	0.0027869896
maize	118	0.0	0.0	0.0	0.005948584
maize	119	0.0	-0.0	0.0	-0.003076042
maize	120	0.0	0.0	0.0	-8.126051e-05
maize	121	0.0	0.0	-0.002766874	-0.0
maize	122	0.0	0.0	0.0031917037	0.0
maize	123	-0.0	0.0	0.0	-0.0006267639
maize	124	0.0	-0.0	0.0014069068	0.0
maize	125	0.0	-0.001732264	-0.0	0.0
maize	126	0.0	0.0	-0.0	-0.005044984
maize	127	-0.0	0.0	0.0073168636	0.0
maize	128	0.0	0.0	0.027134636	0.0
maize	129	0.0	0.0	0.022600118	0.0
maize	130	0.0060814572	-0.0	0.0	0.0
maize	131	0.0	0.012473481	0.0	0.0
maize	132	0.0	0.020528117	0.0	0.0
maize	133	0.005000006	0.0	0.0	0.0
maize	134	0.0	0.016316827	0.0	0.0
maize	135	-0.0	-0.0	0.0	0.0007210444
maize	136	-0.0	0.0	0.0	0.004134116
maize	137	-0.0	-0.0005473948	0.0	0.0
maize	138	0.0	0.00027036696	0.0	-0.0
maize	139	0.0	0.008757527	0.0	0.0
maize	140	0.0	0.0034581225	0.0	0.0
maize	141	0.015766475	0.0	0.0	0.0
maize	142	-0.0	0.008614725	0.0	0.0
maize	143	0.0	0.015055269	-0.0	0.0
maize	144	0.0	-0.0	0.0	0.008283213
maize	145	0.010849733	-0.0	0.0	0.0
maize	146	-0.0	0.0	0.0	-0.0059088664
maize	147	0.0	-0.008249067	-0.0	0.0
maize	148	-0.012592635	-0.0	0.0	0.0
maize	149	0.0	0.013149639	0.0	0.0
maize	150	0.0	0.0	0.0	0.0042696963
maize	151	0.0	0.0	0.0	0.005564707
maize	152	0.0	-0.0	0.0	0.010826027
maize	153	0.0	0.0	0.0	0.02104838
maize	154	0.0	0.006703434	-0.0	0.0
maize	155	0.0	0.0	0.0	0.0014922874
maize	156	0.0	0.00081685337	0.0	-0.0
maize	157	0.0	0.00033153687	0.0	0.0
maize	158	0.0	0.0	0.0	0.0152723035
maize	159	0.0	0.02100491	0.0	-0.0
maize	160	0.0	0.0	-0.0	0.013151254
maize	161	0.0151964305	0.0	0.0	0.0
maize	162	0.0	0.0	0.0	0.038656674
maize	163	0.0	0.046566427	0.0	0.0
maize	164	0.0	-0.0	0.0	-0.0074626617
maize	165	0.0	0.01821356	0.0	0.0
maize	166	0.008838608	0.0	0.0	0.0
maize	167	0.0	0.0	0.0	0.0012980029
maize	168	-0.008321314	-0.0	0.0	0.0
maize	169	0.0	0.006921088	0.0	-0.0
maize	170	0.0	-0.0	0.0	-0.012292403
