name	position	base	deeplift_dark
Solyc11g071380-9_fwd	1	T	-0.004276613
Solyc11g071380-9_fwd	2	T	-0.0021425833
Solyc11g071380-9_fwd	3	T	0.0020041633
Solyc11g071380-9_fwd	4	A	-0.0074636983
Solyc11g071380-9_fwd	5	A	0.0004012769
Solyc11g071380-9_fwd	6	T	0.010514333
Solyc11g071380-9_fwd	7	T	0.004527252
Solyc11g071380-9_fwd	8	T	-0.0039589503
Solyc11g071380-9_fwd	9	A	0.011106066
Solyc11g071380-9_fwd	10	T	-0.0009683249
Solyc11g071380-9_fwd	11	T	0.035923276
Solyc11g071380-9_fwd	12	T	0.039833695
Solyc11g071380-9_fwd	13	A	0.09370074
Solyc11g071380-9_fwd	14	T	0.08170147
Solyc11g071380-9_fwd	15	C	0.07080987
Solyc11g071380-9_fwd	16	C	0.027958006
Solyc11g071380-9_fwd	17	G	-0.043622646
Solyc11g071380-9_fwd	18	A	0.035083268
Solyc11g071380-9_fwd	19	T	0.06849477
Solyc11g071380-9_fwd	20	C	0.01614529
Solyc11g071380-9_fwd	21	T	0.010653028
Solyc11g071380-9_fwd	22	T	-0.0009063687
Solyc11g071380-9_fwd	23	T	0.004885695
Solyc11g071380-9_fwd	24	T	0.016450925
Solyc11g071380-9_fwd	25	A	-0.013244066
Solyc11g071380-9_fwd	26	T	0.008628099
Solyc11g071380-9_fwd	27	T	-0.022616604
Solyc11g071380-9_fwd	28	G	0.02855212
Solyc11g071380-9_fwd	29	A	0.041841947
Solyc11g071380-9_fwd	30	T	0.031218637
Solyc11g071380-9_fwd	31	A	0.022393277
Solyc11g071380-9_fwd	32	A	0.031081945
Solyc11g071380-9_fwd	33	C	-0.021851368
Solyc11g071380-9_fwd	34	A	0.0054756603
Solyc11g071380-9_fwd	35	T	0.0047644028
Solyc11g071380-9_fwd	36	A	-0.006555154
Solyc11g071380-9_fwd	37	T	-0.007384187
Solyc11g071380-9_fwd	38	G	-0.0196788
Solyc11g071380-9_fwd	39	T	0.005019577
Solyc11g071380-9_fwd	40	T	-0.017843705
Solyc11g071380-9_fwd	41	G	0.01116197
Solyc11g071380-9_fwd	42	T	0.002546079
Solyc11g071380-9_fwd	43	C	0.0025503573
Solyc11g071380-9_fwd	44	T	-0.012739627
Solyc11g071380-9_fwd	45	A	0.00077674305
Solyc11g071380-9_fwd	46	T	0.06335189
Solyc11g071380-9_fwd	47	G	0.048763007
Solyc11g071380-9_fwd	48	A	0.12712532
Solyc11g071380-9_fwd	49	C	0.10894814
Solyc11g071380-9_fwd	50	G	0.084778965
Solyc11g071380-9_fwd	51	T	0.08930471
Solyc11g071380-9_fwd	52	G	0.0921061
Solyc11g071380-9_fwd	53	T	0.011329167
Solyc11g071380-9_fwd	54	C	0.028040383
Solyc11g071380-9_fwd	55	C	-0.010168686
Solyc11g071380-9_fwd	56	A	-0.00577146
Solyc11g071380-9_fwd	57	A	-0.0030113838
Solyc11g071380-9_fwd	58	C	-0.012339091
Solyc11g071380-9_fwd	59	A	-0.017044228
Solyc11g071380-9_fwd	60	A	0.014448719
Solyc11g071380-9_fwd	61	T	-0.0035864862
Solyc11g071380-9_fwd	62	A	-0.007183217
Solyc11g071380-9_fwd	63	T	-0.014574547
Solyc11g071380-9_fwd	64	A	0.0227615
Solyc11g071380-9_fwd	65	T	-0.0010003961
Solyc11g071380-9_fwd	66	G	-0.01984093
Solyc11g071380-9_fwd	67	T	-0.004335972
Solyc11g071380-9_fwd	68	T	0.0044350172
Solyc11g071380-9_fwd	69	T	0.06573014
Solyc11g071380-9_fwd	70	A	0.0933897
Solyc11g071380-9_fwd	71	T	0.10753328
Solyc11g071380-9_fwd	72	C	0.029703923
Solyc11g071380-9_fwd	73	G	-0.07785546
Solyc11g071380-9_fwd	74	G	-0.05990431
Solyc11g071380-9_fwd	75	A	0.018792627
Solyc11g071380-9_fwd	76	A	0.008651099
Solyc11g071380-9_fwd	77	A	0.011830729
Solyc11g071380-9_fwd	78	A	0.021242047
Solyc11g071380-9_fwd	79	T	0.009306404
Solyc11g071380-9_fwd	80	T	-0.009443716
Solyc11g071380-9_fwd	81	A	0.009476749
Solyc11g071380-9_fwd	82	T	0.0010813073
Solyc11g071380-9_fwd	83	A	0.016014967
Solyc11g071380-9_fwd	84	A	0.025907425
Solyc11g071380-9_fwd	85	A	0.004445549
Solyc11g071380-9_fwd	86	T	0.015462387
Solyc11g071380-9_fwd	87	C	-0.009642997
Solyc11g071380-9_fwd	88	A	0.0042441883
Solyc11g071380-9_fwd	89	A	0.015849521
Solyc11g071380-9_fwd	90	A	0.008496858
Solyc11g071380-9_fwd	91	T	0.012269341
Solyc11g071380-9_fwd	92	T	0.011046854
Solyc11g071380-9_fwd	93	T	0.015075334
Solyc11g071380-9_fwd	94	T	0.0028051278
Solyc11g071380-9_fwd	95	G	-0.019031039
Solyc11g071380-9_fwd	96	A	0.015533863
Solyc11g071380-9_fwd	97	T	-0.008588695
Solyc11g071380-9_fwd	98	T	0.019445332
Solyc11g071380-9_fwd	99	A	0.014073123
Solyc11g071380-9_fwd	100	T	0.0034783722
Solyc11g071380-9_fwd	101	T	0.025295084
Solyc11g071380-9_fwd	102	T	0.021940254
Solyc11g071380-9_fwd	103	T	0.013421808
Solyc11g071380-9_fwd	104	T	0.009827681
Solyc11g071380-9_fwd	105	C	-0.025886266
Solyc11g071380-9_fwd	106	G	0.022793774
Solyc11g071380-9_fwd	107	A	0.034015827
Solyc11g071380-9_fwd	108	T	0.057302985
Solyc11g071380-9_fwd	109	A	0.04421237
Solyc11g071380-9_fwd	110	G	0.002368096
Solyc11g071380-9_fwd	111	A	0.018423522
Solyc11g071380-9_fwd	112	T	0.001887362
Solyc11g071380-9_fwd	113	A	0.011965584
Solyc11g071380-9_fwd	114	T	0.0056237304
Solyc11g071380-9_fwd	115	T	0.014299006
Solyc11g071380-9_fwd	116	A	0.0027238657
Solyc11g071380-9_fwd	117	A	0.00734155
Solyc11g071380-9_fwd	118	T	-0.009565269
Solyc11g071380-9_fwd	119	A	-0.0011366091
Solyc11g071380-9_fwd	120	T	0.018517712
Solyc11g071380-9_fwd	121	T	0.03194839
Solyc11g071380-9_fwd	122	G	0.04277284
Solyc11g071380-9_fwd	123	A	0.051993847
Solyc11g071380-9_fwd	124	C	0.034994457
Solyc11g071380-9_fwd	125	A	-0.013346172
Solyc11g071380-9_fwd	126	T	-0.0018327369
Solyc11g071380-9_fwd	127	C	-0.024098046
Solyc11g071380-9_fwd	128	T	-0.01411638
Solyc11g071380-9_fwd	129	C	0.013994276
Solyc11g071380-9_fwd	130	G	0.019296678
Solyc11g071380-9_fwd	131	T	0.035720915
Solyc11g071380-9_fwd	132	G	0.017793024
Solyc11g071380-9_fwd	133	A	0.0073397146
Solyc11g071380-9_fwd	134	C	0.0098073
Solyc11g071380-9_fwd	135	A	-0.007759374
Solyc11g071380-9_fwd	136	C	-0.01161013
Solyc11g071380-9_fwd	137	A	0.0090715755
Solyc11g071380-9_fwd	138	A	0.0021305971
Solyc11g071380-9_fwd	139	G	0.03498727
Solyc11g071380-9_fwd	140	A	0.041208975
Solyc11g071380-9_fwd	141	T	0.04264186
Solyc11g071380-9_fwd	142	A	0.022446543
Solyc11g071380-9_fwd	143	A	0.033862095
Solyc11g071380-9_fwd	144	C	0.010243198
Solyc11g071380-9_fwd	145	G	0.009112876
Solyc11g071380-9_fwd	146	A	-0.011404086
Solyc11g071380-9_fwd	147	G	-0.02938062
Solyc11g071380-9_fwd	148	T	0.02077328
Solyc11g071380-9_fwd	149	T	0.009625418
Solyc11g071380-9_fwd	150	G	0.007433189
Solyc11g071380-9_fwd	151	T	-0.0010191752
Solyc11g071380-9_fwd	152	A	-0.004511676
Solyc11g071380-9_fwd	153	A	-0.0014912463
Solyc11g071380-9_fwd	154	A	0.007956159
Solyc11g071380-9_fwd	155	A	-0.000716143
Solyc11g071380-9_fwd	156	A	0.00040700627
Solyc11g071380-9_fwd	157	C	-0.01432563
Solyc11g071380-9_fwd	158	T	0.0021872872
Solyc11g071380-9_fwd	159	C	0.005390506
Solyc11g071380-9_fwd	160	T	0.0027053803
Solyc11g071380-9_fwd	161	T	0.0017771721
Solyc11g071380-9_fwd	162	A	0.0067292308
Solyc11g071380-9_fwd	163	A	-0.00090782443
Solyc11g071380-9_fwd	164	T	-0.010043718
Solyc11g071380-9_fwd	165	G	-0.014990632
Solyc11g071380-9_fwd	166	A	-0.0027071154
Solyc11g071380-9_fwd	167	T	-0.010839373
Solyc11g071380-9_fwd	168	C	-0.008347404
Solyc11g071380-9_fwd	169	G	-0.008179932
Solyc11g071380-9_fwd	170	G	0.006730263
