id	feature	start	end
gRNAs	gRNA	-155	-136
gRNAs	gRNA	-407	-426
gRNAs	gRNA	-592	-611
gRNAs	gRNA	-881	-862
gRNAs	gRNA	-1122	-1141
gRNAs	gRNA	-1412	-1431
gRNAs	gRNA	-1614	-1633
gRNAs	gRNA	-1814	-1795
WT	DNA	-2100	0
CLV3p13	DNA	-140	0
CLV3p13	deletion	-1140	-141
CLV3p13	DNA	-2100	-1141
CLV3p15	DNA	-140	0
CLV3p15	deletion	-1140	-141
CLV3p15	DNA	-2100	-1141
CLV3p24	DNA	-1020	0
CLV3p24	deletion	-2060	-1021
CLV3p24	DNA	-2100	-2061
CLV3p26	DNA	-1020	0
CLV3p26	deletion	-2060	-1021
CLV3p26	DNA	-2100	-2061
